{
	"subject_set": [
		"111312",
		"105115",
		"113619",
		"110411"
	],
	"rmse_all": {
		"_ArrayType_": "double",
		"_ArraySize_": [4,13,10],
		"_ArrayData_": [0.05167563775,0.05271419312,0.05288078059,0.05696169468,0.04256536666,0.04327213648,0.04419399108,0.04698463038,0.04255458398,0.0432756541,0.04417833644,0.04697186005,0.0447166536,0.0451294932,0.04589091022,0.04923126921,0.04237688938,0.04316131453,0.0439295272,0.04681080717,0.04219699642,0.04295762879,0.04389034278,0.0466436751,0.04255960902,0.04320605328,0.04421643172,0.04699464777,0.04571250172,0.04634422881,0.04721486163,0.05012666688,0.04514524528,0.04580839851,0.04669642635,0.04960019231,0.05240833531,0.0528111174,0.05326739819,0.05765336969,0.04850866869,0.04902716837,0.04967519993,0.05361012249,0.04704150578,0.04770819215,0.04855338718,0.05154755722,0.04847361355,0.04702309852,0.04795710927,0.0508962721,0.05169057987,0.05271467574,0.05288685381,0.05695267771,0.04256757353,0.04332104343,0.0442237222,0.04700118522,0.04258907446,0.04327025119,0.04418233307,0.04694259987,0.04470388996,0.0451292736,0.04586634138,0.04922610899,0.04238594615,0.04308995934,0.04392591581,0.04679916997,0.04217442917,0.04296501948,0.04388300434,0.04666609467,0.04259859287,0.04325584133,0.04420088275,0.04696060825,0.04572070589,0.04634811229,0.04720176523,0.05012378054,0.045141348,0.04581762948,0.04668900963,0.04958960186,0.0524286704,0.05281785039,0.0532766861,0.05763825568,0.0484990496,0.04904517832,0.04967181591,0.05288101667,0.04703417728,0.04769260068,0.04853853998,0.05155961219,0.04645772915,0.04701827032,0.0479634053,0.05089853755,0.05167473207,0.0527062113,0.05290872823,0.05695052781,0.04256938406,0.04328280577,0.04420381375,0.04697454029,0.04256082923,0.04330368819,0.04417793437,0.04697485322,0.04471258953,0.04511508065,0.04590918677,0.04923803072,0.04239520541,0.04308431052,0.04393288918,0.04680195372,0.04220004666,0.04294691688,0.04387511181,0.04668517375,0.04258232094,0.04322069079,0.04420451018,0.04700185413,0.04572691821,0.0463996323,0.04718079302,0.05011332294,0.04515030517,0.04581474406,0.04669433008,0.04959089856,0.05241374236,0.05283826381,0.05327723597,0.05764913129,0.04853737544,0.04903934919,0.04966715409,0.05287958387,0.04698655515,0.04770132794,0.04853115486,0.05153544426,0.04645666775,0.04703228792,0.04799076877,0.05089803764,0.05170079853,0.05271649913,0.05286034008,0.05695467748,0.04258120539,0.04327816201,0.04418812913,0.04697934988,0.04254357846,0.04332946527,0.04417415366,0.04695996147,0.04473140192,0.04513137887,0.04589466751,0.04923315563,0.042384907,0.04310092484,0.04396243823,0.04678716598,0.04221153439,0.04293418169,0.04389343634,0.04664335533,0.04254809529,0.04323716026,0.04419641899,0.04697859155,0.04572769814,0.04634512123,0.04719258764,0.05015392391,0.04515490813,0.04580573429,0.046726452,0.04957648714,0.05241311463,0.05283315915,0.05326331474,0.05767980734,0.04854088167,0.0490375365,0.04965718209,0.05287546632,0.04703648321,0.04768084269,0.04855074951,0.05153666289,0.04646059833,0.04701560566,0.04793685086,0.05089303775,0.05170537456,0.05269024425,0.05289752674,0.05693994762,0.04257201386,0.04327680457,0.04422751433,0.04700681453,0.04258488346,0.04327846507,0.04419917508,0.04694344659,0.04471917238,0.04513914422,0.04588880404,0.04925749602,0.04240812207,0.04317383794,0.0439638551,0.04681985352,0.04222587006,0.04295057793,0.04389775704,0.04666169393,0.04256493387,0.04322949853,0.04421923722,0.04695492256,0.04571913626,0.04634802142,0.04721303493,0.05015932282,0.04514367841,0.04588320785,0.04668160256,0.04959284376,0.05243806156,0.05283293934,0.05328699032,0.05766197978,0.0485065775,0.04903223819,0.04967547903,0.05284138016,0.04704160458,0.04769777592,0.04855077504,0.05155585467,0.04645533784,0.0470338361,0.04795315587,0.0508933647,0.0516995171,0.05270505642,0.0529000554,0.05695151874,0.04256255327,0.04325113077,0.04419565423,0.04701714546,0.04256169957,0.04328991656,0.0442104796,0.04695915046,0.04471493477,0.04514716553,0.04587695624,0.04927890659,0.04239044391,0.04310707266,0.04394744364,0.0467954207,0.04220873125,0.0429485571,0.043905879,0.04667388593,0.04257177731,0.04322152688,0.04420838846,0.04696002564,0.04572176093,0.04635322549,0.04717860429,0.05012168468,0.04513509362,0.04582208518,0.04667483036,0.0495990528,0.05240262981,0.05284930547,0.05328061408,0.05765148886,0.0485105228,0.04902342429,0.04966810791,0.05288104921,0.04701851851,0.04770523807,0.04852280889,0.0515318726,0.04644213213,0.04707023231,0.04798313338,0.05088120718,0.0516893609,0.05272120192,0.05289481712,0.05694456042,0.04255384805,0.04325648775,0.04419411925,0.04698816839,0.04255246158,0.04324733351,0.04420360145,0.04694028579,0.04473151635,0.04515529843,0.04589440342,0.04923052032,0.0424030821,0.04310929247,0.04394822359,0.04677821823,0.04217756796,0.04301248237,0.04391535198,0.04667203875,0.04257895531,0.04323832738,0.04421415287,0.0469777222,0.04570240296,0.04633254169,0.04719846668,0.05014922662,0.04514434893,0.04585588093,0.04670588326,0.04957785333,0.05241328922,0.05281167906,0.05326882256,0.05766126477,0.04851346802,0.04903539046,0.04965977457,0.05287047775,0.04702101992,0.04766795229,0.04856303547,0.05155829777,0.04646620084,0.04701542052,0.04797153752,0.05088339666,0.05166704925,0.05272337176,0.05288988746,0.05696075181,0.04258147162,0.04325675706,0.04420941745,0.04698262383,0.04259043949,0.04324902665,0.04420226749,0.047004389,0.04470951542,0.0451405665,0.04589900093,0.04926596602,0.04241236652,0.04309449599,0.04394892552,0.04679067095,0.04219167901,0.04296362507,0.04390124042,0.04666340469,0.04259414815,0.04322959857,0.04420508738,0.04694862899,0.04570287616,0.0463343204,0.04717976766,0.05013535662,0.04512138488,0.04581616085,0.04670029201,0.0495806783,0.0524196533,0.05281251303,0.05325371796,0.05766905561,0.04850357567,0.04902569769,0.04966546471,0.05288691157,0.04703768292,0.04770482649,0.0485332214,0.0515556162,0.04647981007,0.04704786459,0.04795869867,0.05087041353,0.05165934894,0.05271852326,0.05287537983,0.05695947857,0.04257194803,0.04324929116,0.04424421482,0.046957912,0.04255472431,0.04330824377,0.0441772605,0.04694811631,0.04470708677,0.04510585061,0.04588707148,0.049241335,0.04239052215,0.04307977559,0.04395951303,0.04681127496,0.04218886367,0.04298968779,0.043877465,0.0466730708,0.04256023235,0.04326804247,0.04420359968,0.04698747419,0.04571791719,0.04633372329,0.04719441464,0.05013761744,0.04513370124,0.04579060497,0.04668190893,0.04959041093,0.05240283719,0.05280435679,0.05327817303,0.05765931627,0.04850060944,0.04905271778,0.04969194777,0.05286935649,0.04704311031,0.0476998967,0.04854163968,0.05154650732,0.04648082125,0.04702462388,0.04795860499,0.05089826282,0.05169607602,0.05269294103,0.05288321819,0.05694304369,0.04257374803,0.0432512241,0.04420558138,0.04698516297,0.0425651647,0.04332243396,0.04419887726,0.04696413052,0.04472454144,0.04514415968,0.04587624766,0.0492410482,0.04238771929,0.04310992084,0.04392998538,0.04679318692,0.04220479692,0.04293640115,0.04387373479,0.0466609728,0.04256309236,0.04321039236,0.04417938367,0.04695789628,0.04571749237,0.04632808668,0.04720260745,0.05013088136,0.04517179477,0.04579472608,0.04669486476,0.04957855633,0.05242630745,0.05282236442,0.05329277765,0.05764150864,0.04851023505,0.04904799132,0.04965907851,0.05284010125,0.04703361704,0.04773606168,0.04852851929,0.05153871302,0.04648181964,0.04700340988,0.04792654643,0.05088718238]
	},