{
	"subject_set": [
		"108323",
		"109123",
		"111312_7T",
		"125525",
		"102311"
	],
	"rmse_all": {
		"_ArrayType_": "double",
		"_ArraySize_": [5,9,10],
		"_ArrayData_": [0.05813813997,0.06777222652,0.05993292988,0.06205976489,0.06496811093,0.04862633004,0.06037490181,0.05130936738,0.05431846735,0.05661208195,0.04887069833,0.05838610682,0.04955081883,0.05303634369,0.05493639081,0.0492805942,0.05841089878,0.04954371158,0.05299501546,0.05490945996,0.04963756432,0.05857361577,0.04970226977,0.0531129847,0.05499401881,0.05262702324,0.06796724025,0.0592736777,0.06194189251,0.06451275482,0.05166770277,0.06420455601,0.05588437341,0.05863051194,0.0609507187,0.05184238946,0.06310479219,0.05492390717,0.05767726674,0.06002803469,0.05196344361,0.0623728408,0.05433392188,0.05715962945,0.0594246425,0.05814521669,0.06777869841,0.05992955385,0.06204862288,0.06498114736,0.04862212189,0.06034897023,0.05130949702,0.05431947005,0.05661842043,0.04887949867,0.05837837534,0.0495449935,0.05298642557,0.05495649154,0.0493009538,0.0583903744,0.04953945212,0.05299029961,0.05486576636,0.04959601353,0.0585721517,0.04971158406,0.05312900978,0.05500419251,0.05262666719,0.06796652349,0.05926993211,0.06193138993,0.06451408627,0.05166829345,0.06421484301,0.05583727268,0.05862641132,0.06094903741,0.05183297712,0.06312030352,0.05491429481,0.05769244965,0.06004817715,0.05196106926,0.06239539578,0.05429824753,0.05717201041,0.05942578955,0.05813928474,0.06777374048,0.0599379882,0.06208358674,0.06497169322,0.04862683909,0.06037016272,0.05128513559,0.05431829794,0.05661134836,0.04886394784,0.05837944195,0.04957169249,0.0530023452,0.05492270912,0.04929317012,0.0583680939,0.04953138885,0.05297840729,0.05486672389,0.04959034244,0.05859141673,0.0496924582,0.05309323498,0.05500852985,0.05261810394,0.06796475514,0.05928181643,0.06193965997,0.06451399823,0.05164905273,0.06422810169,0.05585387498,0.05863154519,0.06100091073,0.05183475697,0.06309450942,0.05494452026,0.05769388539,0.06004217225,0.0519424416,0.06235966161,0.05431688215,0.05714400961,0.05944035836,0.05815158309,0.06776412938,0.05993837281,0.06205810084,0.06497139647,0.04861941635,0.06034412534,0.05129948226,0.05431077457,0.05663473797,0.04885106227,0.05837934417,0.04952374273,0.05298824795,0.05492680003,0.04927169813,0.05835806603,0.04954029655,0.05299107101,0.05489921894,0.04958966608,0.05854936382,0.04972483248,0.05312259304,0.05503910787,0.052617872,0.06797674596,0.05926239049,0.06193648169,0.0645202178,0.05164576332,0.06421898332,0.05585291163,0.05862954832,0.06095635041,0.05185900466,0.06308505928,0.05491694026,0.05770736358,0.06006444528,0.05195309091,0.06238106478,0.05431534316,0.05717388315,0.05943848048,0.05814033815,0.06777498107,0.05992539813,0.06205670973,0.06495038955,0.04862366699,0.06037133749,0.05127484344,0.05429250074,0.05662575319,0.04887050395,0.05837571002,0.04954211517,0.05302213582,0.05493412854,0.04927697431,0.0583668408,0.04953468455,0.05297000438,0.05490106532,0.04962286512,0.05855879608,0.04972615803,0.05310199649,0.05498344958,0.05263799098,0.0679946563,0.0592779655,0.06193774397,0.06452321899,0.05165726961,0.06422067304,0.0558682471,0.05861664925,0.06097476026,0.05184437385,0.06309805676,0.05489300295,0.05769186514,0.06002223011,0.0519488695,0.06243210228,0.05432327553,0.05717512115,0.05940673277,0.05817410562,0.06777966711,0.05992434772,0.06207833121,0.06498451472,0.04863894642,0.06035907534,0.05127724795,0.0543307638,0.05661852147,0.0488672095,0.05837895616,0.04956476948,0.05301670003,0.05492723146,0.04928878059,0.0584012391,0.04951503773,0.05301240642,0.05487699542,0.04963325781,0.05859724286,0.04969068351,0.05315356062,0.05502966994,0.05262230917,0.06796315281,0.0592523441,0.06194297025,0.06452261947,0.05168544677,0.06418036451,0.05586160143,0.05861061594,0.06094609967,0.05185031679,0.0631065968,0.0549356271,0.05765950879,0.0600066826,0.05196549013,0.06237648337,0.05431646827,0.0571692211,0.05941728074,0.05815035168,0.06778403459,0.05991944887,0.06206193205,0.06494204742,0.04863842959,0.06035904289,0.05131323939,0.0543148148,0.05662642202,0.04886862505,0.0583917918,0.04953807012,0.05300205401,0.05496861651,0.04931658962,0.05837003515,0.04956178693,0.05297640457,0.05487367387,0.04959788419,0.05856954225,0.04970967984,0.05311876695,0.05498899823,0.05263550171,0.06795458528,0.059284475,0.0619234876,0.06452226565,0.0516874396,0.06419001303,0.05585842472,0.05862308847,0.06098169997,0.05185702267,0.06309977724,0.05493946797,0.05769268313,0.06005745691,0.05197194232,0.06240400126,0.05431246545,0.05715590843,0.05943396279,0.05814850082,0.06775905043,0.05991602524,0.06207248554,0.06497340055,0.04863657921,0.06036752522,0.05129555599,0.05433927359,0.05661276519,0.0488637926,0.05838272065,0.04954190169,0.05302080829,0.05495208035,0.04928404878,0.05839077289,0.0495736334,0.05295893657,0.05491481797,0.04957206972,0.05856342662,0.04971016987,0.0531245604,0.05498135107,0.05263852119,0.06799366797,0.05926494078,0.06193246992,0.06451558191,0.0516661407,0.06422047189,0.05586783462,0.05862762281,0.06094748411,0.05183987922,0.0631089613,0.05493409441,0.05768421501,0.06008059607,0.05195750203,0.06237550849,0.0542973259,0.0571567823,0.05944890517,0.05812281252,0.06777331964,0.05993407362,0.06206347892,0.06496134242,0.04862964103,0.0603471968,0.05125828352,0.05434785729,0.05660599783,0.04884759798,0.05837009777,0.0495500285,0.0530205375,0.05493391972,0.04928390177,0.05837247633,0.0495314173,0.05300060529,0.0549004121,0.0496141064,0.05856153086,0.04969954338,0.0530758948,0.05498738206,0.05263526853,0.06797111267,0.05926718363,0.06193323183,0.06451437132,0.05167756484,0.06421093306,0.05583726019,0.05861425098,0.06095516445,0.05185031294,0.06309442541,0.05492390877,0.05767609605,0.06003897873,0.05194699195,0.06235808245,0.05431691521,0.05716250972,0.05942661521,0.05813613503,0.06775597247,0.05993329132,0.06205587789,0.06498187598,0.04863356813,0.06035605955,0.05131331975,0.05430305266,0.05660813753,0.04887398538,0.0583991958,0.04957274105,0.05299895795,0.05493372963,0.0493038826,0.05839071805,0.04953402309,0.05298102408,0.05486847297,0.04962369818,0.05853857098,0.04971345187,0.05310892737,0.05500218741,0.05262289205,0.06798130049,0.05927460962,0.0619553636,0.06450227457,0.05168705868,0.0641989929,0.0558572068,0.05860383156,0.06093899588,0.05184813393,0.06311133701,0.05492859244,0.05771241485,0.06002741322,0.05196436316,0.06237451163,0.05428810512,0.057157232,0.05942491593]
	},
	"rmse_mean": [
		[0.05814464683,0.04862955388,0.04886569216,0.04929005939,0.04960774678,0.052628215,0.05166917325,0.05184591676,0.05195752045],
		[0.06777158201,0.06035983974,0.05838217405,0.05838195154,0.05856756577,0.06797337404,0.06420879325,0.06310238189,0.06238296525],
		[0.05992914296,0.05129359723,0.04955008736,0.04954054321,0.0497080831,0.05927093354,0.05585790076,0.05492543561,0.05431189502],
		[0.06206388907,0.05431952728,0.0530094556,0.05298541747,0.05311415291,0.06193746913,0.05862140758,0.05768877483,0.05716263073],
		[0.06496859186,0.05661741859,0.05493920977,0.05488766068,0.05500188873,0.0645161389,0.06096012216,0.0600416187,0.05942876835]
	],
	"rmse_std": [
		[4.21966178e-06,2.218352119e-06,3.103045685e-06,4.342199859e-06,6.832089097e-06,2.540506369e-06,4.825262079e-06,2.751739161e-06,2.978978095e-06],
		[2.8809064e-06,3.440181539e-06,2.63709515e-06,5.434694622e-06,5.591269584e-06,4.163892687e-06,4.796113524e-06,3.195635256e-06,7.030797807e-06],
		[2.409532421e-06,6.011493606e-06,4.934050169e-06,5.219616805e-06,3.813476057e-06,3.058375979e-06,4.489035754e-06,4.717309855e-06,4.29777055e-06],
		[3.454082889e-06,5.18766433e-06,5.146325747e-06,4.939040343e-06,6.710048281e-06,2.690059579e-06,3.014149021e-06,4.875471438e-06,3.124005934e-06],
		[4.367774156e-06,2.898776967e-06,4.702957881e-06,6.040475144e-06,6.152599151e-06,2.006107274e-06,6.143067648e-06,6.9315668e-06,3.835553892e-06]
	],
	"nnz_all": {
		"_ArrayType_": "double",
		"_ArraySize_": [5,9,10],