{
	"subject_set": [
		"KK_96dirs_b2000_1p5iso",
		"FP_96dirs_b2000_1p5iso",
		"HT_96dirs_b2000_1p5iso",
		"MP_96dirs_b2000_1p5iso"
	],
	"rmse_all": {
		"_ArrayType_": "double",
		"_ArraySize_": [4,13,10],
		"_ArrayData_": [0.07294344923,0.07568564187,0.07948054471,0.07878523619,0.06498785893,0.06603261435,0.0701254794,0.07077074291,0.06498117091,0.06606041424,0.07007997866,0.0708432207,0.06527111982,0.06637016146,0.07125385097,0.07187555843,0.06478101934,0.06564631498,0.07011667546,0.07073656193,0.06485570403,0.06577677139,0.07005059512,0.07074266168,0.0649572348,0.06595155888,0.07010645933,0.07075958333,0.06701659364,0.0685854623,0.0724607232,0.07258419566,0.06663519471,0.06815999826,0.07197563445,0.07228614972,0.07132578939,0.07409961796,0.07894450948,0.07786577443,0.06899007312,0.07085714686,0.07531356861,0.07450579379,0.06813143921,0.06984684759,0.07405037644,0.07361978344,0.06755258524,0.06920856409,0.07317700354,0.07299951136,0.07291591579,0.07567530514,0.07953074551,0.07873326139,0.06495647079,0.06605391532,0.07013107934,0.07080968756,0.0649861521,0.06604773522,0.07011996891,0.07083808937,0.06528071163,0.06635031527,0.07127594215,0.07186823966,0.06477556562,0.06558364726,0.07009756503,0.07074963168,0.0648806846,0.0657788368,0.07006305399,0.07076002696,0.06495546818,0.06599371874,0.07011275195,0.07077982629,0.06703391846,0.06858848084,0.07246533436,0.07257363012,0.06661736783,0.0681620289,0.07196105166,0.07231299763,0.0713347369,0.07410973838,0.0789179414,0.07784465356,0.06900697333,0.07085900042,0.07530852062,0.07453052277,0.06815361612,0.06984056942,0.07404601346,0.07364353859,0.06754230075,0.06918984768,0.07316339393,0.07301663131,0.07290128214,0.07570486954,0.0795057923,0.07880636425,0.06499910136,0.06602843947,0.07011561812,0.07079720195,0.06500045574,0.0660563086,0.0701377797,0.07084730622,0.06527824298,0.06641502162,0.07129430426,0.07187007516,0.06477187712,0.06560348159,0.07012977257,0.07075524954,0.06484481608,0.06576103211,0.07009117571,0.07074018586,0.06496580974,0.06595244913,0.07012602945,0.07076443516,0.06697371379,0.06859776171,0.0724844931,0.07257827995,0.0666264786,0.06819275641,0.07196320559,0.07233080398,0.07136668609,0.07407041182,0.07893741041,0.07783982429,0.0689680886,0.07086683238,0.07528920796,0.07452046285,0.06814645442,0.06984046965,0.07404015137,0.07361812907,0.06749187403,0.06919223701,0.07316321954,0.07296480355,0.07292038467,0.07566951801,0.07949227174,0.07876589269,0.06500136054,0.06601078921,0.0700799593,0.07079248772,0.06499487899,0.0660332085,0.07011369247,0.07084841014,0.06530502168,0.0663628974,0.07125532501,0.0718730784,0.06479679422,0.06559491122,0.07008962238,0.07074067186,0.06483875268,0.06579212869,0.0700548994,0.07071223504,0.06494549782,0.06597768574,0.07016284238,0.0707566267,0.06703191313,0.06861880499,0.07247280754,0.07261699405,0.0666233957,0.06812339967,0.07196587229,0.07227427972,0.07133076622,0.07411018029,0.07896973237,0.07783233534,0.06899370992,0.07088778631,0.0752753064,0.07453033817,0.06817670601,0.06985176714,0.07404678536,0.07365909628,0.06750948461,0.06918173879,0.07319856996,0.07301086881,0.07295333218,0.07569596038,0.07953247975,0.07878060874,0.0649584345,0.06601965872,0.07012131101,0.07082666354,0.06501339224,0.06606078712,0.07009728713,0.07082296195,0.06527290795,0.06637918894,0.07126316731,0.07186912393,0.06476038709,0.06561447932,0.07006615949,0.0707220241,0.06486929707,0.06579529384,0.07004685984,0.07074724201,0.06493685103,0.06595607283,0.07012284008,0.07077783744,0.06703167964,0.06861250855,0.07246042031,0.07259245466,0.0666253535,0.06813432609,0.07196019227,0.07230990188,0.07135223899,0.07404873287,0.0789439307,0.07785223704,0.06899435934,0.07089873851,0.07527947043,0.07449367753,0.06813686595,0.06986163951,0.07406159941,0.07364857268,0.06753001084,0.06920488601,0.07318117562,0.07300457293,0.07292858528,0.0756778931,0.07954194627,0.07876838892,0.0649880281,0.06601621471,0.0701198109,0.07082489494,0.06497919362,0.06607467811,0.07007968748,0.0708414636,0.06525264582,0.06633663363,0.07122290912,0.07188102182,0.06479810584,0.06560206617,0.07012643191,0.07073060296,0.06484385796,0.0657298915,0.07005216665,0.0707483974,0.06496443831,0.06593583801,0.07011599406,0.07075178953,0.06696457829,0.06860429943,0.07248102095,0.07261236517,0.06664006246,0.06816366126,0.07197141583,0.07230080757,0.071330904,0.07410444449,0.07893846608,0.07784986612,0.0689809092,0.07087322256,0.07528443164,0.07452835304,0.06812202899,0.06987495062,0.07401088962,0.07366099213,0.06756360962,0.06913956137,0.07319368318,0.07297661959,0.07293914974,0.07570502002,0.07949444503,0.07880012573,0.06497701747,0.06604612249,0.07006740518,0.07079220299,0.06499053214,0.06606131397,0.07013847024,0.0708308313,0.06527130557,0.06639637381,0.07128151609,0.07189516557,0.0647949345,0.06563269556,0.070099253,0.0707583188,0.06485842299,0.06578445127,0.07005542055,0.07074720851,0.06494963356,0.06595501549,0.07012641561,0.07079346801,0.06703187258,0.06859713818,0.07248318164,0.0725846633,0.06663070974,0.06816849428,0.07197355249,0.07230731151,0.07137611177,0.07408877273,0.07894149282,0.0778604736,0.0689920195,0.07088334512,0.07531258251,0.07451972368,0.06818380894,0.06986571937,0.07403521983,0.07358992762,0.067511016,0.06920903336,0.07317654867,0.07300588447,0.07293094328,0.07570473706,0.07948614552,0.07888305248,0.06497874799,0.06597927812,0.0701089816,0.07081255329,0.06499464426,0.06606450722,0.07012475217,0.07084665242,0.06526003005,0.06634309568,0.07128095758,0.07183459476,0.06475876324,0.06560295044,0.07009786807,0.07074693423,0.06487118424,0.06577114733,0.07005297998,0.0707400894,0.06494832011,0.06595241698,0.07015195735,0.07077853874,0.06700538378,0.06861991232,0.07250060551,0.07259131559,0.06665483121,0.06814697081,0.0720121448,0.07227832147,0.07133281813,0.07409480596,0.07894395461,0.07782347789,0.06902143372,0.07081457987,0.07529515784,0.07455433453,0.06813257574,0.06986295452,0.07403275296,0.07362462466,0.06752727778,0.06923607964,0.07318098889,0.07300338676,0.07294985649,0.07570412572,0.07947216743,0.0787683638,0.06501998334,0.06603138152,0.07009733555,0.07082666588,0.06501443865,0.0660822983,0.07011975404,0.07082211136,0.06524457633,0.0663405325,0.07128113478,0.0718880555,0.06480456166,0.06559182894,0.07006806669,0.07077047916,0.06486769141,0.06575884711,0.07004287371,0.07075915637,0.06493036255,0.06596429664,0.07010237754,0.0707867556,0.06699316091,0.06858099998,0.0724759004,0.07259243761,0.06662339183,0.06814997945,0.07196225493,0.07232269159,0.07136027309,0.07407709592,0.07893862277,0.07786836698,0.06900007191,0.0708732494,0.07528607059,0.07451914781,0.06812722326,0.06984829818,0.07403367855,0.07362032646,0.06751197517,0.06915653537,0.07315313687,0.072976198,0.07293402122,0.07570761691,0.07948546163,0.07878538902,0.06496941238,0.0660133912,0.07014922583,0.07079420546,0.06497395247,0.06604306747,0.07010488683,0.07085641201,0.06525010827,0.06633028689,0.07129304048,0.07188053296,0.06480436125,0.06563002506,0.07008920805,0.07076330898,0.06485575693,0.06577170545,0.07006628595,0.07074101716,0.06494681472,0.06593703829,0.07011903954,0.07077101829,0.06704319021,0.06859596506,0.07250512286,0.07258690225,0.06662466662,0.06818550169,0.07197502354,0.07225869263,0.07135432223,0.07408357645,0.07898155375,0.07782636271,0.06899673839,0.07086761493,0.07527679449,0.07451141457,0.06812873903,0.06983221075,0.07403626616,0.07364471191,0.06752669564,0.0691811098,0.07313848143,0.07300264676]
	},